{"cameraMode":{"drawMode":0,"name":"Shaded","section":"Shading Mode"},"sceneLighting":true,"audioPlay":false,"sceneViewState":{"showFog":false,"showMaterialUpdate":false,"showSkybox":false,"showFlares":false,"showImageEffects":false,"showParticleSystems":false},"in2DMode":false,"pivot":{"x":-2.8072032928466799,"y":-1.4280993938446046,"z":-0.2826882004737854},"rotation":{"x":-0.14650629460811616,"y":0.8168677687644959,"z":-0.23693814873695374,"w":-0.5050973892211914},"size":24.601879119873048,"orthographic":false}